{"cameraMode":{"drawMode":0,"name":"Shaded","section":"Shading Mode"},"sceneLighting":false,"audioPlay":false,"sceneViewState":{"showFog":true,"showMaterialUpdate":false,"showSkybox":false,"showFlares":true,"showImageEffects":true,"showParticleSystems":true,"showVisualEffectGraphs":true,"m_FxEnabled":true},"in2DMode":false,"pivot":{"x":2.2046451568603517,"y":1.942582130432129,"z":36.048397064208987},"rotation":{"x":0.05823981761932373,"y":-0.08794071525335312,"z":0.005160879343748093,"w":0.9944402575492859},"size":26.200037002563478,"orthographic":false}