{"cameraMode":{"drawMode":0,"name":"Shaded","section":"Shading Mode"},"sceneLighting":false,"audioPlay":false,"sceneViewState":{"m_AlwaysRefresh":false,"showFog":true,"showSkybox":false,"showFlares":true,"showImageEffects":true,"showParticleSystems":true,"showVisualEffectGraphs":true,"m_FxEnabled":true},"in2DMode":false,"pivot":{"x":0.14940060675144196,"y":2.4100258350372316,"z":-3.8491673469543459},"rotation":{"x":-0.04793844372034073,"y":-0.9520202279090881,"z":0.2187933772802353,"w":-0.20860080420970918},"size":1.4851696491241456,"orthographic":false}