{"cameraMode":{"drawMode":0,"name":"Shaded","section":"Shading Mode"},"sceneLighting":false,"audioPlay":false,"sceneViewState":{"m_AlwaysRefresh":false,"showFog":true,"showSkybox":false,"showFlares":true,"showImageEffects":true,"showParticleSystems":true,"showVisualEffectGraphs":true,"m_FxEnabled":true},"in2DMode":false,"pivot":{"x":-6.598919868469238,"y":2.7875142097473146,"z":-0.04846157878637314},"rotation":{"x":0.1410578191280365,"y":-0.6884873509407044,"z":0.13920599222183228,"w":0.6976500153541565},"size":1.7705974578857422,"orthographic":false}