{"cameraMode":{"drawMode":0,"name":"Shaded","section":"Shading Mode"},"sceneLighting":false,"audioPlay":false,"sceneViewState":{"showFog":true,"showMaterialUpdate":false,"showSkybox":false,"showFlares":true,"showImageEffects":true,"showParticleSystems":true,"showVisualEffectGraphs":true,"m_FxEnabled":true},"in2DMode":false,"pivot":{"x":1.6799999475479127,"y":1.809999942779541,"z":-2.2899999618530275},"rotation":{"x":0.17327821254730225,"y":-0.6734455823898315,"z":0.16694796085357667,"w":0.6989891529083252},"size":0.17753514647483827,"orthographic":false}