{"cameraMode":{"drawMode":0,"name":"Shaded","section":"Shading Mode"},"sceneLighting":false,"audioPlay":false,"sceneViewState":{"m_AlwaysRefresh":false,"showFog":true,"showSkybox":false,"showFlares":true,"showImageEffects":true,"showParticleSystems":true,"showVisualEffectGraphs":true,"m_FxEnabled":true},"in2DMode":false,"pivot":{"x":0.35058748722076418,"y":1.0835280418395997,"z":0.5356659889221191},"rotation":{"x":-0.12559829652309419,"y":-0.21459630131721497,"z":0.027830004692077638,"w":-0.9682034850120544},"size":1.770781397819519,"orthographic":false}