{"cameraMode":{"drawMode":0,"name":"Shaded","section":"Shading Mode"},"sceneLighting":true,"audioPlay":false,"sceneViewState":{"m_AlwaysRefresh":false,"showFog":true,"showSkybox":true,"showFlares":true,"showImageEffects":true,"showParticleSystems":true,"showVisualEffectGraphs":true,"m_FxEnabled":true},"in2DMode":false,"pivot":{"x":19.81462860107422,"y":0.2560974359512329,"z":-35.952884674072269},"rotation":{"x":-0.0036441951524466278,"y":-0.7452758550643921,"z":0.003980556968599558,"w":-0.6668108701705933},"size":45.5173225402832,"orthographic":false}