{"cameraMode":{"drawMode":0,"name":"Shaded","section":"Shading Mode"},"sceneLighting":false,"audioPlay":false,"sceneViewState":{"showFog":true,"showMaterialUpdate":false,"showSkybox":false,"showFlares":true,"showImageEffects":true,"showParticleSystems":true,"showVisualEffectGraphs":true,"m_FxEnabled":true},"in2DMode":false,"pivot":{"x":-0.5463379621505737,"y":2.125999927520752,"z":-3.8986902236938478},"rotation":{"x":0.17327821254730225,"y":-0.6734455823898315,"z":0.16694796085357667,"w":0.6989891529083252},"size":0.41599833965301516,"orthographic":false}