{"cameraMode":{"drawMode":0,"name":"Shaded","section":"Shading Mode"},"sceneLighting":false,"audioPlay":false,"sceneViewState":{"m_AlwaysRefresh":false,"showFog":true,"showSkybox":false,"showFlares":true,"showImageEffects":true,"showParticleSystems":true,"showVisualEffectGraphs":true,"m_FxEnabled":true},"in2DMode":false,"pivot":{"x":3.4767489433288576,"y":0.20199203491210938,"z":-44.16189956665039},"rotation":{"x":-0.01762310415506363,"y":-0.9741180539131165,"z":0.21006855368614198,"w":-0.08172948658466339},"size":15.191265106201172,"orthographic":false}